X	Y
549,613046914153	10,8101776601832
551,541513745431	10,9367103418731
553,469980576709	11,0690327986425
555,398447407987	11,2058120028927
557,326914239264	11,3420467238968
559,255381070542	11,4723260925788
561,18384790182	11,5937698186216
563,112314733097	11,7087030105695
565,040781564375	11,8239344133405
566,969248395653	11,9488765215973
568,897715226931	12,0911803395222
570,826182058208	12,2539062639059
572,754648889486	12,4349658508116
574,683115720764	12,6287853360946
576,611582552042	12,8294139614901
578,540049383319	13,032888652267
580,468516214597	13,2385934405083
582,396983045875	13,448077798006
584,325449877153	13,6629441670464
586,25391670843	13,8830137037505
588,182383539708	14,1060274601688
590,110850370986	14,3289788339108
592,039317202264	14,5504204482596
593,967784033541	14,7717883338856
595,896250864819	14,9972714138985
597,824717696097	15,2311865572085
599,753184527374	15,4755418773136
601,681651358652	15,7276048677405
603,61011818993	15,9805515187393
605,538585021208	16,2252973912736
607,467051852485	16,4550122489319
609,395518683763	16,6682538711824
611,323985515041	16,8699188140032
613,252452346319	17,0691356010423
615,180919177596	17,27520313565
617,109386008874	17,4938274112661
619,037852840152	17,7242431022689
620,966319671429	17,9596813117845
622,894786502707	18,1900665941456
624,823253333985	18,4066501149788
626,751720165263	18,604082457879
628,68018699654	18,7812489912436
630,608653827818	18,9394102000314
632,537120659096	19,0792919618292
634,465587490374	19,1988689228392
636,394054321651	19,2938895410238
638,322521152929	19,3601692722347
640,250987984207	19,3979513936739
642,179454815485	19,4143558693722
644,107921646762	19,4240182777674
646,03638847804	19,4442411506806
647,964855309318	19,4876481609372
649,893322140596	19,5557177226896
651,821788971873	19,6342673230144
653,750255803151	19,6959005667967
655,678722634429	19,7060963945903
657,607189465706	19,6385422643079
659,535656296984	19,4855896005379
661,464123128262	19,2673298177924
663,39258995954	19,0278725516818
665,321056790817	18,8289181554972
667,249523622095	18,7331789833706
669,177990453373	18,7825193387503
671,106457284651	18,9900724038253
673,034924115928	19,3337582242217
674,963390947206	19,767455376052
676,891857778484	20,2313579621408
678,820324609761	20,6733081474235
680,748791441039	21,0639895155803
682,677258272317	21,3992570734304
684,605725103595	21,697868928123
686,534191934872	21,9881624852266
688,46265876615	22,2969833721198
690,391125597428	22,637134033584
692,319592428706	23,0050745531635
694,248059259983	23,3841291266546
696,176526091261	23,753916784392
698,104992922539	24,0974924029685
700,033459753816	24,4058398372072
701,961926585094	24,6780946820708
703,890393416372	24,9170466582957
705,81886024765	25,1243916063985
707,747327078927	25,2983736916591
709,675793910205	25,4346886266548
711,604260741483	25,5310471973821
713,532727572761	25,5909688725909
715,461194404038	25,6259380879695
717,389661235316	25,6531213200786
719,318128066594	25,6891653319697
721,246594897872	25,7460441196371
723,175061729149	25,8260121228642
725,103528560427	25,9225709703561
727,031995391705	26,0238124693587
728,960462222982	26,1188816633391
730,88892905426	26,2021797839566
732,817395885538	26,2742956652488
734,745862716816	26,34066360782
736,674329548093	26,4071321115963
738,602796379371	26,476503210479
740,531263210649	26,5472496670716
742,459730041927	26,6150259268798
744,388196873204	26,6757090859979
746,316663704482	26,7282624709777
748,24513053576	26,7752466483331
750,173597367037	26,8212569721709
752,102064198315	26,8696844456762
754,030531029593	26,9206447038446
755,958997860871	26,9700416910558
757,887464692148	27,012629178152
759,815931523426	27,0437566692869
761,744398354704	27,0624332232139
763,672865185982	27,071450139734
765,601332017259	27,0756854302856
767,529798848537	27,0786322336854
769,458265679815	27,0800142250406
771,386732511093	27,0750723893584
773,31519934237	27,0568007350498
775,243666173648	27,0187588795131
777,172133004926	26,9577955229674
779,100599836203	26,8748202085172
781,029066667481	26,7741393100975
782,957533498759	26,6601726944829
784,886000330037	26,5353183357379
786,814467161314	26,3998499762704
788,742933992592	26,2535856660935
790,67140082387	26,0985006319813
792,599867655148	25,9412308731363
794,528334486425	25,7930003201603
796,456801317703	25,6664770051089
798,385268148981	25,5734435558202
800,313734980258	25,5202999423834
802,242201811536	25,5071155984026
804,170668642814	25,5290282048484
806,099135474092	25,5792510853452
808,027602305369	25,6522476036035
809,956069136647	25,7451410103712
811,884535967925	25,857553132792
813,813002799203	25,989488130188
815,74146963048	26,1390940694498
817,669936461758	26,3021528062095
819,598403293036	26,4726207979294
821,526870124314	26,6447406124998
823,455336955591	26,815369199401
825,383803786869	26,9841085094592
827,312270618147	27,1524425155856
829,240737449425	27,3214623691043
831,169204280702	27,4901487473968
833,09767111198	27,6551202386439
835,026137943258	27,8123756539965
836,954604774535	27,9594942380372
838,883071605813	28,0978481365079
840,811538437091	28,2325398792975
842,740005268369	28,3710111950419
844,668472099646	28,5194153271884
846,596938930924	28,6803111421729
848,525405762202	28,8518195473505
850,45387259348	29,0292528150529
852,382339424757	29,2077266583473
854,310806256035	29,3849122951098
856,239273087313	29,5621497187752
858,167739918591	29,7434133474371
860,096206749868	29,9329462763516
862,024673581146	30,1325888442575
863,953140412424	30,3411072394637
865,881607243701	30,5549571991155
867,810074074979	30,7708931348452
869,738540906257	30,987740498212
871,667007737535	31,2074552931542
873,595474568812	31,4337322533915
875,52394140009	31,669913320706
877,452408231368	31,9166362963259
879,380875062645	32,1712921957518
881,309341893923	32,429097915741
883,237808725201	32,6858749333255
885,166275556479	32,9401307134903
887,094742387756	33,1939492696041
889,023209219034	33,4515363355573
890,951676050312	33,7170221316933
892,88014288159	33,9919014019271
894,808609712867	34,2745409718474
896,737076544145	34,5609314512385
898,665543375423	34,847039651139
900,594010206701	35,1313147800961
902,522477037978	35,4151674731522
904,450943869256	35,702081267809
906,379410700534	35,9949355996692
908,307877531812	36,2942108353195
910,236344363089	36,597043994159
912,164811194367	36,8987224771373
914,093278025645	37,1947511448513
916,021744856922	37,4832364875873
917,9502116882	37,7658966102868
919,878678519478	38,046503355223
921,807145350756	38,3283695197077
923,735612182033	38,6121528608903
925,664079013311	38,8949697948879
927,592545844589	39,1719955292432
929,521012675867	39,438708982967
931,449479507144	39,6934779154843
933,377946338422	39,9383517906913
935,3064131697	40,1781040660295
937,234880000977	40,4176842669504
939,163346832255	40,659405855522
941,091813663533	40,9025793503589
943,020280494811	41,1439697136481
944,948747326088	41,38061273427
946,877214157366	41,6117751105989
948,805680988644	41,8401462968399
950,734147819922	42,070399545969
952,662614651199	42,3071532360483
954,591081482477	42,5522089105811
956,519548313755	42,8036593830205
958,448015145033	43,0567165026532
960,37648197631	43,3062871041241
962,304948807588	43,5492708186165
964,233415638866	43,7855443800915
966,161882470143	44,0169540838819
968,090349301421	44,245201135451
970,018816132699	44,4694309229642
971,947282963977	44,6857267250852
973,875749795254	44,887846786655
975,804216626532	45,0698636030592
977,73268345781	45,2289361566603
979,661150289088	45,366048569044
981,589617120365	45,4853852306057
983,518083951643	45,5915278519584
985,446550782921	45,6874686338907
987,375017614198	45,7729482901548
989,303484445476	45,8452654116569
991,231951276754	45,9009349426491
993,160418108032	45,9379446151468
995,088884939309	45,956514267802
997,017351770587	45,95825984038
998,945818601865	45,9441975909973
1000,87428543314	45,9130698676362
1002,80275226442	45,860904033741
1004,7312190957	45,7830139616518
1006,65968592698	45,6766359018135
1008,58815275825	45,5437830994165
1010,51661958953	45,3917622582496
1012,44508642081	45,2323538231299
1014,37355325209	45,0787228453048
1016,30202008336	44,9410106582179
1018,23048691464	44,8254165510049
1020,15895374592	44,7334717473302
1022,0874205772	44,6638134514734
1024,01588740848	44,6142925843855
1025,94435423975	44,5833676047401
1027,87282107103	44,5700079198383
1029,80128790231	44,5721787714351
1031,72975473359	44,5856433362767
1033,65822156486	44,6039095507973
1035,58668839614	44,6189589814081
1037,51515522742	44,6243225411899
1039,4436220587	44,6169364715371
1041,37208888997	44,597848538479
1043,30055572125	44,5709424395176
1045,22902255253	44,5405365728819
1047,15748938381	44,5088498038571
1049,08595621509	44,4747709083475
1051,01442304636	44,4345846828898
1052,94288987764	44,3840666266195
1054,87135670892	44,3210135594164
1056,7998235402	44,24608390938
1058,72829037147	44,1623912239618
1060,65675720275	44,0734327773763
1062,58522403403	43,9816263132868
1064,51369086531	43,8874715622184
1066,44215769659	43,7905956352699
1068,37062452786	43,6918640662964
1070,29909135914	43,5950460334825
1072,22755819042	43,5068246283809
1074,1560250217	43,4357816213864
1076,08449185297	43,3888111170364
1078,01295868425	43,3690231840408
1079,94142551553	43,3748703732125
1081,86989234681	43,4017018201316
1083,79835917809	43,4445378543672
1085,72682600936	43,5011004087337
1087,65529284064	43,5732944057187
1089,58375967192	43,6666412124093
1091,5122265032	43,7879605882764
1093,44069333447	43,9422750563309
1095,36916016575	44,131815830063
1097,29762699703	44,3560339094968
1099,22609382831	44,6134184020877
1101,15456065958	44,9032683136275
1103,08302749086	45,2265382603167
1105,01149432214	45,5847033470499
1106,93996115342	45,9778218570383
1108,8684279847	46,4023588692953
1110,79689481597	46,8510460026855
1112,72536164725	47,3135195121563
1114,65382847853	47,779920332668
1116,58229530981	48,2434009828555
1118,51076214108	48,7009932666822
1120,43922897236	49,1532552214475
1122,36769580364	49,6015414173928
1124,29616263492	50,0455343377473
1126,22462946619	50,4819858926068
1128,15309629747	50,905090973777
1130,08156312875	51,3089612221736
1132,01002996003	51,6904052954171
1133,93849679131	52,0502202230042
1135,86696362258	52,3929224277908
1137,79543045386	52,7243711052915
1139,72389728514	53,0498017522
1141,65236411642	53,3715742714333
1143,58083094769	53,6892105980654
1145,50929777897	54,0004922938334
1147,43776461025	54,3034066082599
1149,36623144153	54,5971755510682
1151,29469827281	54,8824192387371
1153,22316510408	55,1602899234707
1155,15163193536	55,4314689713186
1157,08009876664	55,6959285261622
1159,00856559792	55,9533569158538
1160,93703242919	56,2042433837704
1162,86549926047	56,4505684223792
1164,79396609175	56,6952094698033
1166,72243292303	56,9409904098753
1168,65089975431	57,189055790621
1170,57936658558	57,4383813507468
1172,50783341686	57,6864279109738
1174,43630024814	57,931325481445
1176,36476707942	58,1738628485757
1178,29323391069	58,4184108305906
1180,22170074197	58,6716825500237
1182,15016757325	58,9394459506186
1184,07863440453	59,2238948269736
1186,0071012358	59,5213591677455
1187,93556806708	59,8235281295059
1189,86403489836	60,1197339118218
1191,79250172964	60,4018764864977
1193,72096856092	60,6670253774551
1195,64943539219	60,917890995887
1197,57790222347	61,1605382869452
1199,50636905475	61,4009908577301
1201,43483588603	61,642208870193
1203,3633027173	61,8830433039646
1205,29176954858	62,1197335564666
1207,22023637986	62,3489325542495
1209,14870321114	62,570247562152
1211,07717004242	62,7869300045299
1213,00563687369	63,0042452837106
1214,93410370497	63,2264258028731
1216,86257053625	63,4546281726125
1218,79103736753	63,6860596943977
1220,7195041988	63,9159707374368
1222,64797103008	64,1398297914559
1224,57643786136	64,3559713005342
1226,50490469264	64,5656337856656
1228,43337152391	64,7713950100377
1230,36183835519	64,9743377798053
1232,29030518647	65,1721490493276
1234,21877201775	65,3587719143938
1236,14723884903	65,5266385046043
1238,0757056803	65,6686228185401
1240,00417251158	65,7792446090839
1241,93263934286	65,8546132716277
1243,86110617414	65,889826933679
1245,78957300541	65,8772805207749
1247,71803983669	65,8081173456427
1249,64650666797	65,6754350406488
1251,57497349925	65,4815616767186
1253,50344033053	65,2428186429614
1255,4319071618	64,9937929009305
1257,36037399308	64,7819618008581
1259,28884082436	64,6557355545654
1261,21730765564	64,6569806064823
1263,14577448691	64,8060242180487
1265,07424131819	65,0982292550481
1267,00270814947	65,5050703980274
1268,93117498075	65,9845529765014
1270,85964181203	66,491329445581
1272,7881086433	66,9838883132713
1274,71657547458	67,4341380759901
1276,64504230586	67,8254021449193
1278,57350913714	68,1510660753702
1280,50197596841	68,4120013590779
1282,43044279969	68,6146513048218
1284,35890963097	68,7705284503643
1286,28737646225	68,894178616147
1288,21584329352	69,0028436235147
1290,1443101248	69,1116979140629
1292,07277695608	69,2288671968449
1294,00124378736	69,3528629154978
1295,92971061864	69,4715832075077
1297,85817744991	69,5665750192392
1299,78664428119	69,6167557874027
1301,71511111247	69,6063745217037
1303,64357794375	69,5291041943926
1305,57204477502	69,3898301921878
1307,5005116063	69,2040219864141
1309,42897843758	68,9957940487361
1311,35744526886	68,7970362320031
1313,28591210014	68,6406930845456
1315,21437893141	68,5578927681613
1317,14284576269	68,56986890105
1319,07131259397	68,6779892720567
1320,99977942525	68,8568388519643
1322,92824625652	69,051566769835
1324,8567130878	69,1923201113407
1326,78517991908	69,2048935366015
1328,71364675036	69,0394780246578
1330,64211358163	68,6916256598934
1332,57058041291	68,2116971736638
1334,49904724419	67,6968366773197
1336,42751407547	67,2594878441821
1338,35598090675	67,00361273197
1340,28444773802	66,9815758166689
1342,2129145693	67,179274672378
1344,14138140058	67,5153519474671
1346,06984823186	67,870522986624
1347,99831506313	68,1207281970895
1349,92678189441	68,1681525941372
1351,85524872569	67,9733913132417
1353,78371555697	67,555557702138
1355,71218238825	66,9832668628799
1357,64064921952	66,3435094374295
1359,5691160508	65,7240306071973
1361,49758288208	65,1914762032279
1363,42604971336	64,7798267237811
1365,35451654463	64,4973118945929
1367,28298337591	64,3319864174536
1369,21145020719	64,2625215691503
1371,13991703847	64,261687380187
1373,06838386974	64,2997245089479
1374,99685070102	64,3444890719316
1376,9253175323	64,356173827671
1378,85378436358	64,2915981921558
1380,78225119486	64,1088552198706
1382,71071802613	63,7723868321924
1384,63918485741	63,26719563227
1386,56765168869	62,6072937471008
1388,49611851997	61,8456209808974
1390,42458535124	61,0672919492671
1392,35305218252	60,3849034785636
1394,2815190138	59,9192100669816
1396,20998584508	59,7604154210191
1398,13845267636	59,9480570412097
1400,06691950763	60,4428038549592
1401,99538633891	61,1315570729872
1403,92385317019	61,8340370410801
1405,85232000147	62,3495437782787
1407,78078683274	62,5195005500753
1409,70925366402	62,2581181042049
1411,6377204953	61,592702802364
1413,56618732658	60,6493498249676
1415,49465415785	59,6302782834092
1417,42312098913	58,7403073109973
1419,35158782041	58,1273549049
1421,28005465169	57,8503634557467
1423,20852148297	57,8644439906452
1425,13698831424	58,0549254635693
1427,06545514552	58,2857562215782
1428,9939219768	58,4675849567869
1430,92238880808	58,5852228383994
1432,85085563935	58,7005285855526
1434,77932247063	58,9060788079547
1436,70778930191	59,2714913893947
1438,63625613319	59,7807826707058
1440,56472296447	60,3172290271572
1442,49318979574	60,673377551769
1444,42165662702	60,6243246294603
1446,3501234583	60,0228581598461
1448,27859028958	58,8561684706388
1450,20705712085	57,2825281858307
1452,13552395213	55,5796940280024
1454,06399078341	54,0876754609718
1455,99245761469	53,0753758556903
1457,92092444596	52,6621922507777
1459,84939127724	52,7922743021558
1461,77785810852	53,2716657138663
1463,7063249398	53,8557272055581
1465,63479177108	54,3415310941987
1467,56325860235	54,65603512028
1469,49172543363	54,8585690838053
1471,42019226491	55,0968814427272
1473,34865909619	55,5065329946938
1475,27712592746	56,1387213135784
1477,20559275874	56,909600708449
1479,13405959002	57,63725155048
1481,0625264213	58,097398671076
1482,99099325258	58,1273594579206
1484,91946008385	57,6915464434079
1486,84792691513	56,8858453757584
1488,77639374641	55,8870718254311
1490,70486057769	54,8603324602154
1492,63332740896	53,8983064318429
1494,56179424024	52,9799661599448
1496,49026107152	52,0069037764449
1498,4187279028	50,8685687939119
1500,34719473407	49,5254103554571
1502,27566156535	48,042560161904
1504,20412839663	46,5801342907337
1506,13259522791	45,3130187113883
1508,06106205919	44,3649958013756
1509,98952889046	43,752926941714
1511,91799572174	43,3953642742267
1513,84646255302	43,1634431571203
1515,7749293843	42,9608959573651
1517,70339621557	42,7792674423962
1519,63186304685	42,6935830677275
1521,56032987813	42,8026214464675
1523,48879670941	43,1399805125257
1525,41726354069	43,611021504949
1527,34573037196	43,9920436623282
1529,27419720324	44,0187122273523
1531,20266403452	43,4827431649102
1533,1311308658	42,3639012775659
1535,05959769707	40,8593126404756
1536,98806452835	39,350436479474
1538,91653135963	38,2385651663857
1540,84499819091	37,8015200564673
1542,77346502219	38,0798399448662
1544,70193185346	38,8627613702505
1546,63039868474	39,7722533182869
1548,55886551602	40,4180458525121
1550,4873323473	40,5819075478785
1552,41579917857	40,2804320231004
1554,34426600985	39,7646085841411
1556,27273284113	39,3787435716308
1558,20119967241	39,444450808934
1560,12966650368	40,1116203281064
1562,05813333496	41,3208853411705
1563,98660016624	42,8453775305989
1565,91506699752	44,4067728164883
1567,8435338288	45,8012419894924
1569,77200066007	46,9542831984244
1571,70046749135	47,934937326225
1573,62893432263	48,8865837359588
1575,55740115391	49,9492422977419
1577,48586798518	51,1780931025727
1579,41433481646	52,5256293539671
1581,34280164774	53,8621492070345
1583,27126847902	55,0440837295134
1585,1997353103	55,9586379010489
1587,12820214157	56,5583546382772
1589,05666897285	56,8601323773744
1590,98513580413	56,9195288197377
1592,91360263541	56,7998524911966
1594,84206946668	56,546717205969
1596,77053629796	56,1870128856451
1598,69900312924	55,7295737963837
1600,62746996052	55,1710883601948
1602,55593679179	54,4973593398609
1604,48440362307	53,683479757226
1606,41287045435	52,7007487330838
1608,34133728563	51,5295312918908
1610,26980411691	50,1831465957081
1612,19827094818	48,7237890617634
1614,12673777946	47,2690186720888
1616,05520461074	45,9563648623034
1617,98367144202	44,9042570130519
1619,91213827329	44,1696358193008
1621,84060510457	43,7213274850869
1623,76907193585	43,4530041398743
1625,69753876713	43,2249300928989
1627,62600559841	42,9310372624532
1629,55447242968	42,5279274912507
1631,48293926096	42,0441244178472
1633,41140609224	41,5400691093764
1635,33987292352	41,0594462407541
1637,26833975479	40,5839713438503
1639,19680658607	40,0384199994266
1641,12527341735	39,3272828479098
1643,05374024863	38,4111063884606
1644,98220707991	37,3579178948852
1646,91067391118	36,3642151991855
1648,83914074246	35,6922715976031
1650,76760757374	35,5744331681915
1652,69607440502	36,1272549566523
1654,62454123629	37,2814599267152
1656,55300806757	38,7997810169253
1658,48147489885	40,3384937930874
1660,40994173013	41,5894932540849
1662,3384085614	42,3511953061902
1664,26687539268	42,5823286079103
1666,19534222396	42,3769118888665
1668,12380905524	41,9020566704707
1670,05227588652	41,3180175898986
1671,98074271779	40,7200368909206
1673,90920954907	40,1460053991712
1675,83767638035	39,6017169612978
1677,76614321163	39,1003097208989
1679,6946100429	38,6827744035188
1681,62307687418	38,3990984468416
1683,55154370546	38,2679499960995
1685,48001053674	38,2412411488036
1687,40847736802	38,2034950998807
1689,33694419929	38,0159430364823
1691,26541103057	37,5780516436287
1693,19387786185	36,8991717084227
1695,12234469313	36,1144498973429
1697,0508115244	35,4551763211189
1698,97927835568	35,1416563287662
1700,90774518696	35,3039835399865
1702,83621201824	35,9123697631933
1704,76467884951	36,7952156743544
1706,69314568079	37,6973603326921
1708,62161251207	38,3929837350876
1710,55007934335	38,7849457174839
1712,47854617463	38,9242910905971
1714,4070130059	38,9776747291545
1716,33547983718	39,1220679253699
1718,26394666846	39,4640833710018
1720,19241349974	39,9687468465397
1722,12088033101	40,4809362643898
1724,04934716229	40,7814544362434
1725,97781399357	40,7005571813863
1727,90628082485	40,1896992545948
1729,83474765613	39,3454973958917
1731,7632144874	38,3632711444586
1733,69168131868	37,4616914117335
1735,62014814996	36,8064304663241
1737,54861498124	36,4497216168123
1739,47708181251	36,3429603949683
1741,40554864379	36,3784852038454
1743,33401547507	36,4608440234811
1745,26248230635	36,543606165758
1747,19094913762	36,6446058136137
1749,1194159689	36,8148589060949
1751,04788280018	37,0971675051354
1752,97634963146	37,4828799898389
1754,90481646274	37,9045656177896
1756,83328329401	38,2475603306981
1758,76175012529	38,3977089746557
1760,69021695657	38,2857636057266
1762,61868378785	37,9093251064782
1764,54715061912	37,3373700284821
1766,4756174504	36,6841389692398
1768,40408428168	36,0829060798957
1770,33255111296	35,6388479988478
1772,26101794424	35,4111645280545
1774,18948477551	35,4026504418757
1776,11795160679	35,5644303661915
1778,04641843807	35,8080694410577
1779,97488526935	36,024382581777
1781,90335210062	36,1169299778472
1783,8318189319	36,0151493654002
1785,76028576318	35,6983257982785
1787,68875259446	35,200206545914
1789,61721942573	34,6047049872901
1791,54568625701	34,02085772909
1793,47415308829	33,5451033586197
1795,40261991957	33,2412728352849
1797,33108675085	33,1152672459168
1799,25955358212	33,1211912002991
1801,1880204134	33,1762264429315
1803,11648724468	33,1953051222079
1805,04495407596	33,1157836071627
1806,97342090723	32,9059062482615
1808,90188773851	32,5647328123335
1810,83035456979	32,1052863829669
1812,75882140107	31,5390959536745
1814,68728823235	30,8687277891197
1816,61575506362	30,0937737142784
1818,5442218949	29,2252357794936
1820,47268872618	28,2961936953158
1822,40115555746	27,3672709358613
1824,32962238873	26,5135783812527
1826,25808922001	25,7962151020696
1828,18655605129	25,2461657495342
1830,11502288257	24,8470008193546
1832,04348971384	24,5448898187971
1833,97195654512	24,2649762735978
1835,9004233764	23,9452349815052
1837,82889020768	23,559720854363
1839,75735703896	23,1246394801499
1841,68582387023	22,6888926439946
1843,61429070151	22,3095344835996
1845,54275753279	22,0296052905664
1847,47122436407	21,8571644676392
1849,39969119534	21,7642209283146
1851,32815802662	21,6950818774938
1853,2566248579	21,5904269074086
1855,18509168918	21,4014175193656
1857,11355852046	21,1038669238769
1859,04202535173	20,7021770908627
1860,97049218301	20,2250061907292
1862,89895901429	19,7168420259018
1864,82742584557	19,2238211977935
1866,75589267684	18,7892479420247
1868,68435950812	18,4424161013924
1870,6128263394	18,1925736079248
1872,54129317068	18,027187965615
1874,46976000195	17,9137069798132
1876,39822683323	17,8090764343045
1878,32669366451	17,6673254695193
1880,25516049579	17,456636837428
1882,18362732707	17,1673740973362
1884,11209415834	16,81444320444
1886,04056098962	16,4298431314937
1887,9690278209	16,0512122126294
1889,89749465218	15,7090777034592
1891,82596148345	15,4153419993971
1893,75442831473	15,1632697736471
1895,68289514601	14,9325886165944
1897,61136197729	14,7013394050359
1899,53982880857	14,4527010938713
1901,46829563984	14,1805352285666
1903,39676247112	13,8876078528843
1905,3252293024	13,5804625816698
1907,25369613368	13,263869847042
1909,18216296495	12,938771232298
1911,11062979623	12,6041552294636
1913,03909662751	12,2609203693249
1914,96756345879	11,9149569897179
1916,89603029007	11,5775694938215
1918,82449712134	11,2608067544704
1920,75296395262	10,9718368288937
1922,6814307839	10,7087965096443
1924,60989761518	10,4603226491069
1926,53836444645	10,2092848296785
1928,46683127773	9,93893908152319
1930,39529810901	9,64028603866038
1932,32376494029	9,31404065738382
1934,25223177156	8,96975789020149
1936,18069860284	8,62035560573118
1938,10916543412	8,27801327414983
1940,0376322654	7,94996147347332
1941,96609909668	7,63800602894925
1943,89456592795	7,34062523402
1945,82303275923	7,05536515037609
1947,75149959051	6,78042066301548
1949,67996642179	6,51439063326046
1951,60843325306	6,25515008671815
1953,53690008434	5,99911342064258
1955,46536691562	5,74173295543878
1957,3938337469	5,4800043764888
1959,32230057818	5,21493265796296
1961,25076740945	4,953141587002
1963,17923424073	4,70550378370913
1965,10770107201	4,48449154751232
1967,03616790329	4,30076970362561
1968,96463473456	4,15981346643302
1970,89310156584	4,06216073225729
1972,82156839712	4,00492384522399
1974,7500352284	3,98464771233896
1976,67850205967	3,99869505696752
1978,60696889095	4,04504348357096
1980,53543572223	4,12055065973656
1982,46390255351	4,21809586984449
1984,39236938479	4,32583361364053
1986,32083621606	4,42952007851932
1988,24930304734	4,51436336858273
1990,17776987862	4,57004260564035
1992,1062367099	4,59277940153583
1994,03470354117	4,58468248912315
1995,96317037245	4,551163374566
1997,89163720373	4,49742950315905
1999,82010403501	4,42660115420256
2001,74857086629	4,33949583430218
2003,67703769756	4,23704336446629
2005,60550452884	4,12316582424268
2007,53397136012	4,00543706182384
2009,4624381914	3,89449453647592
2011,39090502267	3,80058711800102
2013,31937185395	3,72920574992001
2015,24783868523	3,67963398742029
2017,17630551651	3,64545470783544
2019,10477234779	3,61872266255219
2021,03323917906	3,59358915649619
2022,96170601034	3,56999684516646
2024,89017284162	3,55339061080718
2026,8186396729	3,55262035893946
2028,74710650417	3,57542843943245
2030,67557333545	3,62538706680059
2032,60404016673	3,70159825950934
2034,53250699801	3,80064772217731
2036,46097382928	3,91998383853117
2038,38944066056	4,06045402943329
2040,31790749184	4,22634432133056
2042,24637432312	4,42307053568954
2044,1748411544	4,65330107353616
2046,10330798567	4,9139586227301
2048,03177481695	5,19552910061911
2049,96024164823	5,48384972884412
2051,88870847951	5,76546866552925
2053,81717531078	6,03003885253792
2055,74564214206	6,27322146510823
2057,67410897334	6,49598015439405
2059,60257580462	6,70238553614948
2061,5310426359	6,89702051299836
2063,45950946717	7,08316283908482
2065,38797629845	7,2634024745041
2067,31644312973	7,44048081531917
2069,24490996101	7,61820160013166
2071,17337679228	7,80136512605845
2073,10184362356	7,99358462950087
2075,03031045484	8,19509728068189
2076,95877728612	8,40081354415607
2078,88724411739	8,60120601676754
2080,81571094867	8,78434325225441
2082,74417777995	8,93923789542415
2084,67264461123	9,05981966421342
2086,60111144251	9,14578301125528
2088,52957827378	9,20229788920689
2090,45804510506	9,23705529983159
2092,38651193634	9,25852531635648
2094,31497876762	9,27397644082593
2096,24344559889	9,28878598799916
2098,17191243017	9,30778208028137
2100,10037926145	9,33539593523162
2102,02884609273	9,37517426938634
2103,95731292401	9,42873303334807
2105,88577975528	9,49376944102523
2107,81424658656	9,56346619959409
2109,74271341784	9,62627073993948
2111,67118024912	9,66884689687995
2113,59964708039	9,67867410238493
2115,52811391167	9,64544462630124
2117,45658074295	9,56292260221392
2119,38504757423	9,42771704267278
2121,3135144055	9,23805155662951
2123,24198123678	8,99311687117495
2125,17044806806	8,69359916478618
2127,09891489934	8,34356208837796
2129,02738173062	7,95140182154251
2130,95584856189	7,53151933228342
2132,88431539317	7,10236065755401
2134,81278222445	6,68153061750979
2136,74124905573	6,28344056830405
2138,669715887	5,9150360483938
2140,59818271828	5,57534834369346
2142,52664954956	5,25755293666253
2144,45511638084	4,95349636091254
2146,38358321212	4,65805908039708
2148,31205004339	4,37175926572787
2150,24051687467	4,10123644073685
2152,16898370595	3,85733177118883
2154,09745053723	3,65275300340643
2156,0259173685	3,49782939851986
2157,95438419978	3,39926767537372
2159,88285103106	3,35902220423779
2161,81131786234	3,37418927305565
2163,73978469361	3,43722075056241
2165,66825152489	3,53624602153736
2167,59671835617	3,65741313381084
2169,52518518745	3,78529528346593
2171,45365201873	3,90618184969767
2173,38211885	4,01160124148959
2175,31058568128	4,09926519992013
2177,23905251256	4,17390192646436
2179,16751934384	4,24444980598944
2181,09598617511	4,32138795844795
2183,02445300639	4,41211974650618
2184,95291983767	4,51868510238655
2186,88138666895	4,63781075221052
2188,80985350023	4,76309599836358
2190,7383203315	4,88829156980561
2192,66678716278	5,00954014930866
2194,59525399406	5,12664048854105
2196,52372082534	5,24179557192589
2198,45218765661	5,35741298535373
2200,38065448789	5,47409580490658
2202,30912131917	5,59016743065129
2204,23758815045	5,70275413457421
2206,16605498172	5,80993532898173
2208,094521813	5,91226634866452
2210,02298864428	6,01323473619485
2211,95145547556	6,11747574560505
2213,87992230684	6,22907635700315
2215,80838913811	6,34937889685244
2217,73685596939	6,4768354193219
2219,66532280067	6,60810030290821
2221,59378963195	6,74045226881626
2223,52225646322	6,8736366701649
2225,4507232945	7,01021286551047
2227,37919012578	7,15416935150012
2229,30765695706	7,30864131271892
2231,23612378834	7,47410899120364
2233,16459061961	7,64779875945221
2235,09305745089	7,82493664843074
2237,02152428217	8,0009651944241
2238,94999111345	8,17381373424302
2240,87845794472	8,34442013488915
2242,806924776	8,51585176391994
2244,73539160728	8,69109627179566
2246,66385843856	8,87145707989013
2248,59232526983	9,05590005339591
2250,52079210111	9,24238239666259
2252,44925893239	9,42963174172156
2254,37772576367	9,61912883470496
2256,30619259495	9,81512807906753
2258,23465942622	10,0239118166463
2260,1631262575	10,2510493592248
2262,09159308878	10,4996563066096
2264,02005992006	10,770485785239
2265,94852675133	11,0630401650222
2267,87699358261	11,3781168055653
2269,80546041389	11,7197696379449
2271,73392724517	12,0949359355801
2273,66239407645	12,5113302941635
2275,59086090772	12,974004720303
2277,519327739	13,4821252693653
2279,44779457028	14,0274966737084
2281,37626140156	14,5956027764054
2283,30472823283	15,1701009152074
2285,23319506411	15,7346338436879
2287,16166189539	16,2754059639938
2289,09012872667	16,7820123469199
2291,01859555794	17,2445008368422
2292,94706238922	17,6519236813436
2294,8755292205	17,9924473703304
2296,80399605178	18,2532530139893
2298,73246288306	18,4245499116455
2300,66092971433	18,5020708352695
2302,58939654561	18,4882857416646
2304,51786337689	18,3915120179375
2306,44633020817	18,2232191458882
2308,37479703944	17,9961124839212
2310,30326387072	17,7212499673189
2312,231730702	17,409181818398
2314,16019753328	17,07152169835
2316,08866436456	16,720501453038
2318,01713119583	16,3689235690285
2319,94559802711	16,0269154704513
2321,87406485839	15,6978808069662
2323,80253168967	15,377491982342
2325,73099852094	15,0564176862486
2327,65946535222	14,7278693982616
2329,5879321835	14,3961243427733
2331,51639901478	14,0832855208159
2333,44486584606	13,826268872295
2335,37333267733	13,6707812041573
2337,30179950861	13,6506142242574
2339,23026633989	13,7703390086797
2341,15873317117	13,9920144347624
2343,08720000244	14,2380091437338
2345,01566683372	14,4067153726175
2346,944133665	14,3925077433795
2348,87260049628	14,125231861487
2350,80106732755	13,587234361935
2352,72953415883	12,826134113681
2354,65800099011	11,9398927134295
2356,58646782139	11,0627027662457
2358,51493465267	10,3357323624474
2360,44340148394	9,87094140034403
2362,37186831522	9,74764680339388
2364,3003351465	10,0011990357359
2366,22880197778	10,6291647017119
2368,15726880905	11,601394067334
2370,08573564033	12,8690753871196
2372,01420247161	14,3741108895396
2373,94266930289	16,0425234458918
2375,87113613417	17,7905322801992
2377,79960296544	19,5288929630922
2379,72806979672	21,159481545547
2381,656536628	22,5960727220183
2383,58500345928	23,7729240427458
2385,51347029055	24,6518574497136
2387,44193712183	25,2292797047887
2389,37040395311	25,5315196290563
2391,29887078439	25,6079809419052
2393,22733761566	25,5142427855074
2395,15580444694	25,3064190237501
2397,08427127822	25,0325712916607
2399,0127381095	24,7262815044105
2400,94120494078	24,4118703438219
2402,86967177205	24,1049611370497
2404,79813860333	23,8145908796703
2406,72660543461	23,5463479411821
2408,65507226589	23,3021875248603
2410,58353909716	23,0809751760502
2412,51200592844	22,8788607686367
2414,44047275972	22,6908147281169
2416,368939591	22,5123222492376
2418,29740642228	22,3404018001345
2420,22587325355	22,1746465292261
2422,15434008483	22,016577086796
2424,08280691611	21,8686385846012
2426,01127374739	21,7327222787682
2427,93974057866	21,6096344233936
2429,86820740994	21,4990724059404
2431,79667424122	21,4003264568185
2433,7251410725	21,3131647557878
2435,65360790378	21,2383522267301
2437,58207473505	21,1774212648828
2439,51054156633	21,1321325321755
2441,43900839761	21,1035625896713
2443,36747522889	21,0914973041201
2445,29594206016	21,0942893009661
2447,22440889144	21,1092133826088
2449,15287572272	21,1331906850728
2451,081342554	21,1628263706081
2453,00980938527	21,1948416923736
2454,93827621655	21,2259843295548
2456,86674304783	21,2526003731363
2458,79520987911	21,2711462679983
2460,72367671039	21,2785294550639
2462,65214354166	21,2726497348708
2464,58061037294	21,2531445811511
2466,50907720422	21,2214252736071
2468,4375440355	21,1804166220565
2470,36601086677	21,1334432617904
2472,29447769805	21,0836283241278
2474,22294452933	21,0331923014477
2476,15141136061	20,9832092452862
2478,07987819188	20,9341456431483
2480,00834502316	20,8863696125964
2481,93681185444	20,840590627218
2483,86527868572	20,7980130236753
2485,793745517	20,7599301515292
2487,72221234827	20,7271751991962
2489,65067917955	20,6997466361795
2491,57914601083	20,6766914318732
2493,50761284211	20,6565054951634
2495,43607967338	20,6376068803647
2497,36454650466	20,6190107903095
2499,29301333594	20,6005094024509
2501,22148016722	20,5825495420014
2503,1499469985	20,565782605809
2505,07841382977	20,5506571251311
2507,00688066105	20,537182102511
2508,93534749233	20,5250475730354
2510,86381432361	20,5139450432855
2512,79228115488	20,503945687922
2514,72074798616	20,4956218820853
2516,64921481744	20,4899568815073
2518,57768164872	20,487946953093
2520,50614847999	20,4901785258242
2522,43461531127	20,4967126400071
2524,36308214255	20,5071598756405
2526,29154897383	20,5210717472278
2528,22001580511	20,5382849253073
2530,14848263638	20,5591552494571
2532,07694946766	20,5844263108575
2534,00541629894	20,6149751036199
2535,93388313022	20,6513487950524
2537,86234996149	20,6935989686014
2539,79081679277	20,7413508826129
2541,71928362405	20,794122289126
2543,64775045533	20,8517003307659
2545,57621728661	20,9143782441573
2547,50468411788	20,9828798348331
2549,43315094916	21,0580831643151
2551,36161778044	21,1406393772853
2553,29008461172	21,230734689567
2555,21855144299	21,3281052649882
2557,14701827427	21,432336484886
2559,07548510555	21,5432331330216
2561,00395193683	21,6611102287298
2562,9324187681	21,7867107241428
2564,86088559938	21,9209323340105
2566,78935243066	22,0645987429355
2568,71781926194	22,2180451058642
2570,64628609322	22,3811829632081
2572,57475292449	22,5537070520291
2574,50321975577	22,7355212980861
2576,43168658705	22,9268971323809
2578,36015341833	23,1285837632083
2580,2886202496	23,3415777430833
2582,21708708088	23,5667370510116
2584,14555391216	23,8046098465293
2586,07402074344	24,0552815039768
2588,00248757472	24,3187372306561
2589,93095440599	24,5950487567569
2591,85942123727	24,8846577382916
2593,78788806855	25,1885566286705
2595,71635489983	25,5079133362159
2597,6448217311	25,8437702088948
2599,57328856238	26,1968364942991
2601,50175539366	26,567474057323
2603,43022222494	26,9556946700339
2605,35868905622	27,3615743015784
2607,28715588749	27,785639415268
2609,21562271877	28,2286400548414
2611,14408955005	28,6916610283938
2613,07255638133	29,1756374614127
2615,0010232126	29,681310622268
2616,92949004388	30,2089104106972
2618,85795687516	30,7583838119417
2620,78642370644	31,329837330831
2622,71489053771	31,923481087935
2624,64335736899	32,5398337885327
2626,57182420027	33,1794806578785
2628,50029103155	33,8429655336444
2630,42875786283	34,5301562918027
2632,3572246941	35,2402208192769
2634,28569152538	35,9719421020029
2636,21415835666	36,7236551988821
2638,14262518794	37,4934888770531
2640,07109201921	38,2793356747109
2641,99955885049	39,078953140888
2643,92802568177	39,8886665157044
2645,85649251305	40,7032108855781
2647,78495934433	41,5155784124438
2649,7134261756	42,3155041229208
2651,64189300688	43,0908367590528
2653,57035983816	43,8276355739755
2655,49882666944	44,5104760411376
2657,42729350071	45,1250049982495
2659,35576033199	45,6586243960679
2661,28422716327	46,1022932120916
2663,21269399455	46,4522496857212
2665,14116082582	46,7104779496711
2667,0696276571	46,8849680548708
2668,99809448838	46,9876489369128
2670,92656131966	47,0337140293113
2672,85502815094	47,0387798410019
2674,78349498221	47,0158761440373
2676,71196181349	46,9756829829766
2678,64042864477	46,9251214053903
2680,56889547605	46,8679320759509
2682,49736230732	46,8061651830167
2684,4258291386	46,7409733758118
2686,35429596988	46,6733721452848
2688,28276280116	46,6045013204941
2690,21122963244	46,5353317072667
2692,13969646371	46,4663674435077
2694,06816329499	46,397522664877
2695,99663012627	46,3282736522996
2697,92509695755	46,2580758946451
2699,85356378882	46,186738603392
2701,7820306201	46,1145556796062
2703,71049745138	46,0422040407419
2705,63896428266	45,9703360568761
2707,56743111394	45,8991989180058
2709,49589794521	45,8284981155198
2711,42436477649	45,7575848972612
2713,35283160777	45,6858632300928
2715,28129843905	45,6130785252057
2717,20976527032	45,5395458539651
2719,1382321016	45,4659143957667
2721,06669893288	45,392865225915
2722,99516576416	45,3206546000816
2724,92363259543	45,2490276175428
2726,85209942671	45,1773172640152
2728,78056625799	45,1048373646852
2730,70903308927	45,031272421972
2732,63749992055	44,9568259782681
2734,56596675182	44,8820831733103
2736,4944335831	44,8076553726984
2738,42290041438	44,7338415473005
2740,35136724566	44,6604284603616
2742,27983407693	44,5867748901817
2744,20830090821	44,5121871513436
2746,13676773949	44,4362958625551
2748,06523457077	44,3592156513859
2749,99370140205	44,2814537525692
2751,92216823332	44,2035949934205
2753,8506350646	44,1259937579278
2755,77910189588	44,0485292410635
2757,70756872716	43,9707671243771
2759,63603555843	43,8921814345455
2761,56450238971	43,8125260662178
2763,49296922099	43,7319358996362
2765,42143605227	43,6508776057893
2767,34990288354	43,5697939268189
2769,27836971482	43,4887752134316
2771,2068365461	43,4074489331969
2773,13530337738	43,3251220513511
2775,06377020866	43,241102433847
2776,99223703993	43,1550418085325
2778,92070387121	43,0671616587977
2780,84917070249	42,9781270165563
2782,77763753377	42,8886806875433
2784,70610436504	42,7992639362792
2786,63457119632	42,70981996131
2788,5630380276	42,6198551364484
2790,49150485888	42,5287761578541
2792,41997169016	42,4362638902606
2794,34843852143	42,3425299889556
2796,27690535271	42,2481918804509
2798,20537218399	42,154082335886
2800,13383901527	42,0607654437112
2802,06230584654	41,9683168024474
2803,99077267782	41,8762908441558
2805,9192395091	41,7840487859152
2807,84770634038	41,6910704216475
2809,77617317166	41,597155203459
2811,70464000293	41,5024854863264
2813,63310683421	41,4073583616227
2815,56157366549	41,3118787410525
2817,49004049677	41,2157369197116
2819,41850732804	41,1182548337093
2821,34697415932	41,0185765446482
2823,2754409906	40,9159629360609
2825,20390782188	40,8098445101514
2827,13237465315	40,6996175396247
2829,06084148443	40,5842966967834
2830,98930831571	40,4618757491476
2832,91777514699	40,3293184002414
2834,84624197827	40,1830608224861
2836,77470880954	40,0194976865075
2838,70317564082	39,8366333404625
2840,6316424721	39,6350844566893
2842,56010930338	39,4190382215337
2844,48857613465	39,195788038189
2846,41704296593	38,9750773136187
2848,34550979721	38,7680632269235
2850,27397662849	38,5843174233719
2852,20244345977	38,4309978024939
2854,13091029104	38,3113575880814
2856,05937712232	38,2242337537716
2857,9878439536	38,164412959575
2859,91631078488	38,1236693642117
2861,84477761615	38,0931246848043
2863,77324444743	38,0639313447898
2865,70171127871	38,0292558887124
2867,63017810999	37,9852653001143
2869,55864494126	37,9306791740082
2871,48711177254	37,8663816886493
2873,41557860382	37,7941949890014
2875,3440454351	37,7159178342639
2877,27251226638	37,6323631042846
2879,20097909765	37,5432324962512
2881,12944592893	37,4473410054828
2883,05791276021	37,3433269036818
2884,98637959149	37,2301970350372
2886,91484642276	37,1077370229628
2888,84331325404	36,9764936834596
2890,77178008532	36,8374321609269
2892,7002469166	36,6915891296889
2894,62871374788	36,5395856415849
2896,55718057915	36,3815361285305
2898,48564741043	36,2169303677345
2900,41411424171	36,0448784728701
2902,34258107299	35,8640763229031
2904,27104790426	35,6729410823976
2906,19951473554	35,4700656529784
2908,12798156682	35,2544729343312
2910,0564483981	35,026476765853
2911,98491522937	34,7882115517725
2913,91338206065	34,5446330577118
2915,84184889193	34,3031652293317
2917,77031572321	34,0727974623934
2919,69878255449	33,8637043128719
2921,62724938576	33,6845283164302
2923,55571621704	33,5413480423156
2925,48418304832	33,4368007495624
2927,4126498796	33,3697768898438
2929,34111671087	33,3359780006587
2931,26958354215	33,3286317099262
2933,19805037343	33,3401580217537
2935,12651720471	33,3621003890557
2937,05498403599	33,3856936320323
2938,98345086726	33,4028267524565
2940,91191769854	33,4053787453758
2942,84038452982	33,3863574777881
2944,7688513611	33,3410421234062
2946,69731819237	33,2673811498574
2948,62578502365	33,1669671478348
2950,55425185493	33,044825329474
2952,48271868621	32,9093750689607
2954,41118551748	32,770641718861
2956,33965234876	32,6386900296148
2958,26811918004	32,5229912796437
2960,19658601132	32,4302939523292
2962,1250528426	32,3642744829957
2964,05351967387	32,3253727785469
2965,98198650515	32,3108904719091
2967,91045333643	32,3154650728392
2969,83892016771	32,3317198479232
2971,76738699898	32,3520580043069
2973,69585383026	32,3690035784139
2975,62432066154	32,3765100745759
2977,55278749282	32,3709351921583
2979,4812543241	32,3507589781396
2981,40972115537	32,3165213027144
2983,33818798665	32,2699681076779
2985,26665481793	32,2134367140972
2987,19512164921	32,1490573367143
2989,12358848048	32,078290409695
2991,05205531176	32,0020775324682
2992,98052214304	31,9207904448991
2994,90898897432	31,8344626476245
2996,83745580559	31,7429569897999
2998,76592263687	31,6461266140535
3000,69438946815	31,544036503056
3002,62285629943	31,4372159446965
3004,55132313071	31,3269738273015
3006,47978996198	31,2155328831777
3008,40825679326	31,1058763107258
3010,33672362454	31,0008155615066
3012,26519045582	30,9023339870404
3014,19365728709	30,8105599079133
3016,12212411837	30,723483070903
3018,05059094965	30,6372654964569
3019,97905778093	30,5474929141364
3021,90752461221	30,4509909619115
3023,83599144348	30,3468600904655
3025,76445827476	30,2372630671225
3027,69292510604	30,1265800741255
3029,62139193732	30,020244465321
3031,54985876859	29,9225119296868
3033,47832559987	29,8349694419508
3035,40679243115	29,7560173796003
3037,33525926243	29,6815545721801
3039,2637260937	29,6064095076931
3041,19219292498	29,5258388197831
3043,12065975626	29,4371389113361
3045,04912658754	29,3398399199654
3046,97759341882	29,2353285027087
3048,90606025009	29,1257644402148
3050,83452708137	29,0133788405318
3052,76299391265	28,8999480028996
3054,69146074393	28,7867688296243
3056,6199275752	28,6751238712715
3058,54839440648	28,5666095297446
3060,47686123776	28,4628567953012
3062,40532806904	28,3652226822083
3064,33379490032	28,273984779222
3066,26226173159	28,1880239965899
3068,19072856287	28,1048399057419
3070,11919539415	28,0213970534492
3072,04766222543	27,935270109697
3073,9761290567	27,8453189729162
3075,90459588798	27,7521123142237
3077,83306271926	27,6573715162244
3079,76152955054	27,5630019702798
3081,68999638182	27,4698689197449
3083,61846321309	27,3771939599391
3085,54693004437	27,2827425718806
3087,47539687565	27,1839284711623
3089,40386370693	27,0789003918688
3091,3323305382	26,9677634035749
3093,26079736948	26,852722908771
3095,18926420076	26,7377242616312
3097,11773103204	26,6269173602302
3099,04619786331	26,5231251724117
3100,97466469459	26,4270142690595
3102,90313152587	26,336713698775
3104,83159835715	26,2487632807109
3106,76006518843	26,1590855748132
3108,6885320197	26,0647392491768
3110,61699885098	25,9646973555478
3112,54546568226	25,8601534875829
3114,47393251354	25,7538613559328
3116,40239934481	25,649202169039
3118,33086617609	25,549282867592
3120,25933300737	25,4559350952753
3122,18779983865	25,3696812947713
3124,11626666993	25,2897921435498
3126,0447335012	25,2149412469175
3127,97320033248	25,1435070328474
3129,90166716376	25,0739613461305
3131,83013399504	25,0051033530607
3133,75860082631	24,9358861366907
3135,68706765759	24,8654490271974
3137,61553448887	24,7930809860313
3139,54400132015	24,7182620375654
3141,47246815142	24,6407450892738
3143,4009349827	24,5605865273733
3145,32940181398	24,4781122332565
3147,25786864526	24,3937865506734
3149,18633547654	24,308086305678
3151,11480230781	24,221378343935
3153,04326913909	24,1339473483988
3154,97173597037	24,0459867643822
3156,90020280165	23,9576596931946
3158,82866963292	23,8690762116179
3160,7571364642	23,7802413962273
3162,68560329548	23,6909875737072
3164,61407012676	23,6009317027499
3166,54253695804	23,509664532352
3168,47100378931	23,4169589364047
3170,39947062059	23,3230555858656
3172,32793745187	23,2288770167504
3174,25640428315	23,1359617363266
3176,18487111442	23,0460218637166
3178,1133379457	22,9605283290473
3180,04180477698	22,8801379225136
3181,97027160826	22,8043994718212
3183,89873843954	22,7318115630937
3185,82720527081	22,6604006497219
3187,75567210209	22,5884269643418
3189,68413893337	22,5149112840405
3191,61260576465	22,4399619622628
3193,54107259592	22,3646179065828
3195,4695394272	22,2902963963967
3197,39800625848	22,2180157824786
3199,32647308976	22,1479990740768
3201,25493992103	22,0795459812879
3203,18340675231	22,011512578482
3205,11187358359	21,9428082049917
3207,04034041487	21,8731584138963
3208,96880724615	21,803306815966
3210,89727407742	21,734961653454
3212,8257409087	21,670219693818
3214,75420773998	21,6107693442224
3216,68267457126	21,5575248944263
3218,61114140253	21,5102352269804
3220,53960823381	21,4677973023492
3222,46807506509	21,4285330980931
3224,39654189637	21,3908248382733
3226,32500872765	21,3534729740128
3228,25347555892	21,3157643935054
3230,1819423902	21,2775161759476
3232,11040922148	21,2388541739259
3234,03887605276	21,2001230451287
3235,96734288403	21,1617334216421
3237,89580971531	21,1241589170229
3239,82427654659	21,0879024573275
3241,75274337787	21,0533887325469
3243,68121020914	21,0209351058479
3245,60967704042	20,9906520185086
3247,5381438717	20,9624998851083
3249,46661070298	20,9363616460377
3251,39507753426	20,9121526510252
3253,32354436553	20,8898545957394
3255,25201119681	20,8694031721429
3257,18047802809	20,8504793126497
3259,10894485937	20,8323291264516
3261,03741169064	20,8136515226924
3262,96587852192	20,7929139258143
3264,8943453532	20,7688249601934
3266,82281218448	20,740825499202
3268,75127901576	20,7095168920114
3270,67974584703	20,676618150334
3272,60821267831	20,6445684684276
3274,53667950959	20,6155456633361
3276,46514634087	20,5908305241287
3278,39361317214	20,5702628674971
3280,32208000342	20,5524185029624
3282,2505468347	20,5351005848596
3284,17901366598	20,5162600003929
3286,10748049725	20,4948192627482
3288,03594732853	20,4708539166232
3289,96441415981	20,445386683391
3291,89288099109	20,4196084765013
3293,82134782237	20,3942318106854
3295,74981465364	20,3689402196362
3297,67828148492	20,3425037019654
3299,6067483162	20,3132303186717
3301,53521514748	20,2798528301555
3303,46368197875	20,2421288194915
3305,39214881003	20,2010861356257
3307,32061564131	20,1586348407479
3309,24908247259	20,1169288055355
3311,17754930386	20,0776072833692
3313,10601613514	20,0411705071681
3315,03448296642	20,0069147132431
3316,9629497977	19,9732074354249
3318,89141662898	19,9382581302629
3320,81988346025	19,9005737534759
3322,74835029153	19,8594961834099
3324,67681712281	19,8152681966437
3326,60528395409	19,768920249243
3328,53375078536	19,7218826004118
3330,46221761664	19,6755242682303
3332,39068444792	19,6310106221213
3334,3191512792	19,5890037922678
3336,24761811048	19,54961203308
3338,17608494175	19,5123324688739
3340,10455177303	19,4761382286298
3342,03301860431	19,4395559922675
3343,96148543559	19,4007184250666
3345,88995226686	19,3578294967963
3347,81841909814	19,3094357983696
3349,74688592942	19,2548120442457
3351,6753527607	19,1942507238246
3353,60381959198	19,1292174837834
3355,53228642325	19,0622345350962
3357,46075325453	18,9962192943789
3359,38922008581	18,9342107853917
3361,31768691709	18,8786102824062
3363,24615374836	18,8305883038332
3365,17462057964	18,7899238118476
3367,10308741092	18,7550026610061
3369,0315542422	18,7233161314597
3370,96002107347	18,6917330635545
3372,88848790475	18,657343543969
3374,81695473603	18,6180161629172
3376,74542156731	18,5725204716963
3378,67388839859	18,5207252588322
3380,60235522986	18,4634217736483
3382,53082206114	18,4021141629512
3384,45928889242	18,3386060182921
3386,3877557237	18,2748577107869
3388,31622255497	18,2129031018624
3390,24468938625	18,1545341961263
3392,17315621753	18,1012823218334
3394,10162304881	18,0542371894878
3396,03008988009	18,0137067421772
3397,95855671136	17,979050508247
3399,88702354264	17,9485166255711
3401,81549037392	17,9195552563956
3403,7439572052	17,8888610640229
3405,67242403647	17,8530692318703
3407,60089086775	17,8095827968371
3409,52935769903	17,7569044230803
3411,45782453031	17,6953175340721
3413,38629136158	17,6269029588393
3415,31475819286	17,5555842700634
3417,24322502414	17,4862205998085
3419,17169185542	17,4235887588729
3421,1001586867	17,3715960861232
3423,02862551797	17,3317601853161
3424,95709234925	17,3027209452469
3426,88555918053	17,2799881439286
3428,81402601181	17,2572410999358
3430,74249284308	17,2273851697913
3432,67095967436	17,1845378513421
3434,59942650564	17,1261491915864
3436,52789333692	17,0537077241363
3438,4563601682	16,9729475281829
3440,38482699947	16,8919182826508
3442,31329383075	16,8197677938342
3444,24176066203	16,7637970859137
3446,17022749331	16,7274188117617
3448,09869432458	16,7097682668617
3450,02716115586	16,7059244896036
3451,95562798714	16,7089040958076
3453,88409481842	16,7111307819343
3455,81256164969	16,7071102799181
3457,74102848097	16,6944039727601
3459,66949531225	16,6736196542234
3461,59796214353	16,6474635818153
3463,52642897481	16,6191679710898
3465,45489580608	16,5909748563575
3467,38336263736	16,5630447519183
3469,31182946864	16,5335635450738
3471,24029629992	16,4996742797546
3473,16876313119	16,4592321731379
3475,09722996247	16,4121323522744
3477,02569679375	16,3612425511788
3478,95416362503	16,3115820266211
3480,88263045631	16,2692884832178
3482,81109728758	16,2389746782086
3484,73956411886	16,2216337337665
3486,66803095014	16,2136138754992
3488,59649778142	16,207206033283
3490,52496461269	16,1932358669692
3492,45343144397	16,1634363645261
3494,38189827525	16,1143615928773
3496,31036510653	16,048849964743
3498,23883193781	15,9762937287014
3500,16729876908	15,9093999780602
3502,09576560036	15,8609489790406
3504,02423243164	15,8398251889728
3505,95269926292	15,8474397096729
3507,88116609419	15,8771824554589
3509,80963292547	15,9154958983303
3511,73809975675	15,9468327615728
3513,66656658803	15,9566200379957
3515,5950334193	15,9362997068715
3517,52350025058	15,886019583648
3519,45196708186	15,8149974552775
3521,38043391314	15,7394748268799
3523,30890074442	15,6773848258947
3525,23736757569	15,6450755548548
3527,16583440697	15,6507998318148
3529,09430123825	15,6921623191488
3531,02276806953	15,7553657936653
3532,9512349008	15,8192697190802
3534,87970173208	15,8616130232351
3536,80816856336	15,865075330575
3538,73663539464	15,8250142627006
3540,66510222592	15,7510658398215
3542,59356905719	15,6655638159219
3544,52203588847	15,5938622424898
3546,45050271975	15,556332216452
3548,37896955103	15,5584028425303
3550,3074363823	15,5872517124651
3552,23590321358	15,6139255968308
3554,16437004486	15,6037116772297
3556,09283687614	15,5317509907999
3558,02130370741	15,3924974097568
3559,94977053869	15,2073039137311
3561,87823736997	15,0175155024232
3563,80670420125	14,8764603457196
3565,73517103253	14,8283039194211
3567,6636378638	14,8926974350484
3569,59210469508	15,0576004721438
3571,52057152636	15,2812272848972
3573,44903835764	15,5053133835886
3575,37750518891	15,6687675265785
3577,30597202019	15,7305678371704
3579,23443885147	15,6777108639185
3581,16290568275	15,528568710656
3583,09137251403	15,3234911802701
3585,0198393453	15,1145918921294
3586,94830617658	14,9510850347407
3588,87677300786	14,8642239378916
3590,80523983914	14,8647328271029
3592,73370667041	14,9402158346433
3594,66217350169	15,0623296720377
3596,59064033297	15,191478670311
3598,51910716425	15,2881543089802
3600,44757399552	15,3232472828082
3602,3760408268	15,2816781095786
3604,30450765808	15,1679767503538
3606,23297448936	15,0033465267574
3608,16144132064	14,8217014485328
3610,08990815191	14,657646288399
3612,01837498319	14,5368372384856
3613,94684181447	14,4700358148031
3615,87530864575	14,4508631647704
3617,80377547702	14,4622458966302
3619,7322423083	14,4868948224456
3621,66070913958	14,519683492025
3623,58917597086	14,5732371912256
3625,51764280214	14,67611668869
3627,44610963341	14,8580429481635
3629,37457646469	15,1352299660503
3631,30304329597	15,4923274877532
3633,23151012725	15,8801962679263
3635,15997695852	16,2185559235327
3637,0884437898	16,4207698166001
3639,01691062108	16,4258963154523
3640,94537745236	16,218344231255
3642,87384428363	15,8449608668603
3644,80231111491	15,4030566168022
3646,73077794619	15,0252840064225
3648,65924477747	14,8315258444877
3650,58771160875	14,895853791072
3652,51617844002	15,2232246665097
3654,4446452713	15,7443269169555
3656,37311210258	16,332659161686
3658,30157893386	16,8339525726743
3660,23004576513	17,1214193346632
3662,15851259641	17,119737635521
3664,08697942769	16,8302731220272
3666,01544625897	16,3245265542282
3667,94391309025	15,7279739950775
3669,87237992152	15,1819883916153
3671,8008467528	14,797079704051
3673,72931358408	14,6372025476869
3675,65778041536	14,7000080833653
3677,58624724663	14,9309208552624
3679,51471407791	15,2416477769007
3681,44318090919	15,547012756168
3683,37164774047	15,7924876581421
3685,30011457174	15,9634542358692
3687,22858140302	16,0847111450845
3689,1570482343	16,2003168105334
3691,08551506558	16,3511450881187
3693,01398189686	16,550693092647
3694,94244872813	16,7782391218972
3696,87091555941	16,9836059372308
3698,79938239069	17,1114657985165
3700,72784922197	17,1206693736806
3702,65631605324	17,0049200711505
3704,58478288452	16,7958079946662
3706,5132497158	16,5553469934775
3708,44171654708	16,3534022644105
3710,37018337836	16,2395310563458
3712,29865020963	16,2309541685877
3714,22711704091	16,3039015150898
3716,15558387219	16,4068657162885
3718,08405070347	16,4737056938761
3720,01251753474	16,4495569915219
3721,94098436602	16,3061227840198
3723,8694511973	16,0453071660159
3725,79791802858	15,695537787714
3727,72638485985	15,2987028773519
3729,65485169113	14,8987076722107
3731,58331852241	14,5268899982527
3733,51178535369	14,1994893618563
3735,44025218497	13,919356378571
3737,36871901624	13,6825596549486
3739,29718584752	13,4872591835516
3741,2256526788	13,3416371772822
3743,15411951008	13,2655383628994
3745,08258634135	13,2906126717659
3747,01105317263	13,4519460267512
3748,93952000391	13,7752329589478
3750,86798683519	14,2684998093336
3752,79645366647	14,9125638204868
3754,72492049774	15,663628367942
3756,65338732902	16,4564050131018
3758,5818541603	17,2219748558323
3760,51032099158	17,9055153225054
3762,43878782285	18,4743238419588
3764,36725465413	18,9265500404967
3766,29572148541	19,2841253019883
3768,22418831669	19,5822392889045
3770,15265514797	19,8523714683847
3772,08112197924	20,1138273505845
3774,00958881052	20,3712070126265
3775,9380556418	20,6188303472497
3777,86652247308	20,8483941984389
3779,79498930435	21,0540582734461
3781,72345613563	21,2317615145377
3783,65192296691	21,3718671365857
3785,58038979819	21,4513807858923
3787,50885662946	21,435495171945
3789,43732346074	21,2828278442066
3791,36579029202	20,9667895945438
3793,2942571233	20,4946781419602
3795,22272395458	19,9209815890618
3797,15119078585	19,3390746583473
3799,07965761713	18,8536298340422
3801,00812444841	18,553413948673
3802,93659127969	18,470137034909
3804,86505811096	18,5684329039365
3806,79352494224	18,7531134484543
3808,72199177352	18,9124416485233
3810,6504586048	18,9567167803444
3812,57892543608	18,8540630802352
3814,50739226735	18,6409764903623
3816,43585909863	18,4039493167326
3818,36432592991	18,2395320166407
3820,29279276119	18,2051416266247
3822,22125959246	18,2991797581487
3824,14972642374	18,4590187072561
3826,07819325502	18,5975027751182
3828,0066600863	18,6361826183811
3829,93512691757	18,5471846274105
3831,86359374885	18,3614058471937
3833,79206058013	18,1549786821443
3835,72052741141	18,0089166297912
3837,64899424269	17,9703053806047
3839,57746107396	18,0337242399786
3841,50592790524	18,1443654855041
3843,43439473652	18,2275605799412
3845,3628615678	18,2219554595199
3847,29132839907	18,1126303383625
3849,21979523035	17,9346366595945
3851,14826206163	17,7582625255001
3853,07672889291	17,6512737789714
3855,00519572419	17,6544212122471
3856,93366255546	17,7636109085518
3858,86212938674	17,9393434260655
3860,79059621802	18,1263631071505
3862,7190630493	18,28250666513
3864,64752988057	18,3967516423591
3866,57599671185	18,4875604462751
3868,50446354313	18,5885040157366
3870,43293037441	18,7255677492488
3872,36139720569	18,9044223501934
3874,28986403696	19,1069715929614
3876,21833086824	19,3042048314273
3878,14679769952	19,4708572381545
3880,0752645308	19,5998017603728
3882,00373136207	19,7018288421471
3883,93219819335	19,7956342743254
3885,86066502463	19,8911372235792
3887,78913185591	19,9797040399858
3889,71759868718	20,0346111835148
3891,64606551846	20,0276353852129
3893,57453234974	19,946852954181
3895,50299918102	19,8141489082232
3897,4314660123	19,6823963600833
3899,35993284357	19,6255361772374
3901,28839967485	19,7092592747462
3903,21686650613	19,9624440474123
3905,14533333741	20,3658390184691
3907,07380016868	20,8532756483309
3909,00226699996	21,3383345949047
3910,93073383124	21,7343788349819
3912,85920066252	21,9882100421973
3914,7876674938	22,0908512919032
3916,71613432507	22,0740945378645
3918,64460115635	21,9927612197299
3920,57306798763	21,9034571765582
3922,50153481891	21,8501627910358
3924,43000165018	21,8519392363768
3926,35846848146	21,90705330406
3928,28693531274	21,9998918834136
3930,21540214402	22,1114416225501
3932,14386897529	22,2239946301342
3934,07233580657	22,3238131782183
3936,00080263785	22,401978854954
3937,92926946913	22,4528806351226
3939,85773630041	22,4757633465603
3941,78620313168	22,4759347779474
3943,71466996296	22,4661668303529
3945,64313679424	22,4642834525791
3947,57160362552	22,4873055276471
3949,50007045679	22,5468572094277
3951,42853728807	22,6429715838688
3953,35700411935	22,7641324121716
3955,28547095063	22,8898820175367
3957,21393778191	22,9994037305705
3959,14240461318	23,0781540441785
3961,07087144446	23,1214584112621
3962,99933827574	23,1347826858467
3964,92780510702	23,1294751823676
3966,85627193829	23,1175205914395
3968,78473876957	23,1063002781725
3970,71320560085	23,0980690424587
3972,64167243213	23,0911897816414
3974,5701392634	23,0833111526543
3976,49860609468	23,0735420560793
3978,42707292596	23,0630446794263
3980,35553975724	23,0535388061633
3982,28400658852	23,0454590776861
3984,21247341979	23,0368000596388
3986,14094025107	23,0240501780615
3988,06940708235	23,0039450410946
3989,99787391363	22,9758876789915
3991,9263407449	22,942533342749
3993,85480757618	22,9088844121353
3995,78327440746	22,879376611707
3997,71174123874	22,8555503242798
3999,64020807002	22,8349922963507
